 시점 , 자치구 , 발생량 , 재활용 , 재활용-음식물 외 , 재활용-음식물 , 소각 , 매립 , 기타 , 재활용율(음식외) , 재활용율(음식) , 소각율 , 매립율 , 기타율 
" 2,000 ", 서울특별시 ," 11,438 "," 5,148 "," 3,851 "," 1,297 ", 627 ," 5,664 ", - ,34%,11%,5%,50%,0%
" 2,000 ", 종로구 , 439 , 158 , 124 , 34 , 2 , 280 , - ,28%,8%,0%,64%,0%
" 2,000 ", 중구 , 514 , 226 , 131 , 95 , 1 , 287 , - ,26%,18%,0%,56%,0%
" 2,000 ", 용산구 , 346 , 128 , 107 , 21 , 3 , 216 , - ,31%,6%,1%,62%,0%
" 2,000 ", 성동구 , 332 , 117 , 86 , 31 , 7 , 209 , - ,26%,9%,2%,63%,0%
" 2,000 ", 광진구 , 353 , 155 , 113 , 42 , 5 , 193 , - ,32%,12%,1%,55%,0%
" 2,000 ", 동대문구 , 463 , 175 , 122 , 53 , 1 , 287 , - ,26%,11%,0%,62%,0%
" 2,000 ", 중랑구 , 367 , 151 , 107 , 44 , 3 , 213 , - ,29%,12%,1%,58%,0%
" 2,000 ", 성북구 , 449 , 202 , 167 , 35 , 1 , 246 , - ,37%,8%,0%,55%,0%
" 2,000 ", 강북구 , 423 , 240 , 182 , 58 , 1 , 182 , - ,43%,14%,0%,43%,0%
" 2,000 ", 도봉구 , 352 , 205 , 158 , 47 , - , 147 , - ,45%,13%,0%,42%,0%
" 2,000 ", 노원구 , 489 , 233 , 160 , 73 , 245 , 11 , - ,33%,15%,50%,2%,0%
" 2,000 ", 은평구 , 359 , 145 , 116 , 29 , 2 , 212 , - ,32%,8%,0%,59%,0%
" 2,000 ", 서대문구 , 387 , 162 , 133 , 29 , 6 , 220 , - ,34%,7%,1%,57%,0%
" 2,000 ", 마포구 , 438 , 206 , 179 , 27 , 2 , 230 , - ,41%,6%,0%,53%,0%
" 2,000 ", 양천구 , 497 , 247 , 226 , 21 , 235 , 15 , - ,45%,4%,47%,3%,0%
" 2,000 ", 강서구 , 533 , 256 , 215 , 41 , 6 , 271 , - ,40%,8%,1%,51%,0%
" 2,000 ", 구로구 , 352 , 168 , 112 , 56 , 41 , 142 , - ,32%,16%,12%,40%,0%
" 2,000 ", 금천구 , 322 , 163 , 133 , 30 , 6 , 154 , - ,41%,9%,2%,48%,0%
" 2,000 ", 영등포구 , 596 , 218 , 155 , 63 , 1 , 378 , - ,26%,11%,0%,63%,0%
" 2,000 ", 동작구 , 388 , 166 , 126 , 40 , 4 , 218 , - ,32%,10%,1%,56%,0%
" 2,000 ", 관악구 , 449 , 166 , 130 , 36 , 6 , 277 , - ,29%,8%,1%,62%,0%
" 2,000 ", 서초구 , 516 , 219 , 134 , 85 , 6 , 290 , - ,26%,17%,1%,56%,0%
" 2,000 ", 강남구 , 794 , 377 , 207 , 170 , 32 , 385 , - ,26%,21%,4%,48%,0%
" 2,000 ", 송파구 , 814 , 408 , 334 , 74 , 5 , 401 , - ,41%,9%,1%,49%,0%
" 2,000 ", 강동구 , 467 , 259 , 194 , 65 , 6 , 201 , - ,42%,14%,1%,43%,0%
" 2,001 ", 서울특별시 ," 11,968 "," 5,682 "," 3,968 "," 1,714 ", 822 ," 5,464 ", - ,33%,14%,7%,46%,0%
" 2,001 ", 종로구 , 446 , 151 , 91 , 60 , 6 , 289 , - ,20%,13%,1%,65%,0%
" 2,001 ", 중구 , 587 , 282 , 189 , 94 , 1 , 304 , - ,32%,16%,0%,52%,0%
" 2,001 ", 용산구 , 351 , 133 , 97 , 36 , 1 , 217 , - ,28%,10%,0%,62%,0%
" 2,001 ", 성동구 , 344 , 143 , 90 , 52 , 13 , 188 , - ,26%,15%,4%,55%,0%
" 2,001 ", 광진구 , 357 , 133 , 87 , 46 , 6 , 219 , - ,24%,13%,2%,61%,0%
" 2,001 ", 동대문구 , 486 , 190 , 117 , 74 , 1 , 294 , - ,24%,15%,0%,61%,0%
" 2,001 ", 중랑구 , 335 , 126 , 86 , 40 , 3 , 206 , - ,26%,12%,1%,61%,0%
" 2,001 ", 성북구 , 505 , 257 , 187 , 70 , 1 , 247 , - ,37%,14%,0%,49%,0%
" 2,001 ", 강북구 , 429 , 238 , 178 , 60 , 1 , 190 , - ,41%,14%,0%,44%,0%
" 2,001 ", 도봉구 , 298 , 147 , 107 , 40 , - , 151 , - ,36%,13%,0%,51%,0%
" 2,001 ", 노원구 , 484 , 252 , 148 , 104 , 220 , 13 , - ,30%,22%,45%,3%,0%
" 2,001 ", 은평구 , 387 , 172 , 120 , 52 , 3 , 212 , - ,31%,13%,1%,55%,0%
" 2,001 ", 서대문구 , 372 , 138 , 109 , 29 , 4 , 231 , - ,29%,8%,1%,62%,0%
" 2,001 ", 마포구 , 437 , 204 , 161 , 43 , 2 , 231 , - ,37%,10%,1%,53%,0%
" 2,001 ", 양천구 , 582 , 329 , 303 , 26 , 228 , 25 , - ,52%,5%,39%,4%,0%
" 2,001 ", 강서구 , 568 , 287 , 240 , 47 , 11 , 269 , - ,42%,8%,2%,47%,0%
" 2,001 ", 구로구 , 405 , 216 , 143 , 73 , 119 , 71 , - ,35%,18%,29%,17%,0%
" 2,001 ", 금천구 , 365 , 205 , 155 , 50 , 8 , 152 , - ,42%,14%,2%,42%,0%
" 2,001 ", 영등포구 , 628 , 226 , 162 , 64 , 7 , 395 , - ,26%,10%,1%,63%,0%
" 2,001 ", 동작구 , 427 , 185 , 142 , 43 , 2 , 240 , - ,33%,10%,1%,56%,0%
" 2,001 ", 관악구 , 501 , 173 , 134 , 39 , 8 , 320 , - ,27%,8%,2%,64%,0%
" 2,001 ", 서초구 , 521 , 232 , 124 , 107 , 7 , 282 , - ,24%,21%,1%,54%,0%
" 2,001 ", 강남구 , 799 , 511 , 242 , 269 , 159 , 130 , - ,30%,34%,20%,16%,0%
" 2,001 ", 송파구 , 849 , 453 , 335 , 118 , 3 , 393 , - ,39%,14%,0%,46%,0%
" 2,001 ", 강동구 , 506 , 301 , 223 , 79 , 7 , 197 , - ,44%,16%,1%,39%,0%
" 2,002 ", 서울특별시 ," 12,052 "," 5,852 "," 4,094 "," 1,758 ", 775 ," 5,426 ", - ,34%,15%,6%,45%,0%
" 2,002 ", 종로구 , 456 , 179 , 120 , 60 , 6 , 271 , - ,26%,13%,1%,59%,0%
" 2,002 ", 중구 , 550 , 242 , 150 , 92 , 1 , 307 , - ,27%,17%,0%,56%,0%
" 2,002 ", 용산구 , 351 , 138 , 98 , 40 , - , 213 , - ,28%,11%,0%,61%,0%
" 2,002 ", 성동구 , 372 , 172 , 119 , 52 , 15 , 186 , - ,32%,14%,4%,50%,0%
" 2,002 ", 광진구 , 475 , 248 , 202 , 45 , 8 , 220 , - ,43%,10%,2%,46%,0%
" 2,002 ", 동대문구 , 487 , 186 , 115 , 71 , 2 , 299 , - ,24%,15%,0%,61%,0%
" 2,002 ", 중랑구 , 340 , 139 , 102 , 37 , 6 , 195 , - ,30%,11%,2%,57%,0%
" 2,002 ", 성북구 , 473 , 214 , 164 , 50 , 4 , 254 , - ,35%,11%,1%,54%,0%
" 2,002 ", 강북구 , 432 , 233 , 179 , 53 , 0 , 199 , - ,41%,12%,0%,46%,0%
" 2,002 ", 도봉구 , 257 , 102 , 60 , 41 , - , 156 , - ,23%,16%,0%,60%,0%
" 2,002 ", 노원구 , 489 , 288 , 160 , 128 , 185 , 16 , - ,33%,26%,38%,3%,0%
" 2,002 ", 은평구 , 405 , 179 , 124 , 55 , 3 , 223 , - ,31%,14%,1%,55%,0%
" 2,002 ", 서대문구 , 384 , 145 , 112 , 33 , 7 , 232 , - ,29%,9%,2%,60%,0%
" 2,002 ", 마포구 , 437 , 204 , 163 , 41 , 5 , 228 , - ,37%,9%,1%,52%,0%
" 2,002 ", 양천구 , 466 , 254 , 195 , 59 , 192 , 20 , - ,42%,13%,41%,4%,0%
" 2,002 ", 강서구 , 560 , 296 , 248 , 47 , 7 , 257 , - ,44%,8%,1%,46%,0%
" 2,002 ", 구로구 , 426 , 232 , 163 , 69 , 103 , 91 , - ,38%,16%,24%,21%,0%
" 2,002 ", 금천구 , 343 , 189 , 146 , 43 , 9 , 146 , - ,42%,13%,3%,43%,0%
" 2,002 ", 영등포구 , 670 , 252 , 192 , 60 , 10 , 408 , - ,29%,9%,1%,61%,0%
" 2,002 ", 동작구 , 441 , 191 , 153 , 39 , 8 , 242 , - ,35%,9%,2%,55%,0%
" 2,002 ", 관악구 , 521 , 217 , 180 , 37 , 9 , 295 , - ,35%,7%,2%,57%,0%
" 2,002 ", 서초구 , 496 , 224 , 117 , 108 , 9 , 262 , - ,24%,22%,2%,53%,0%
" 2,002 ", 강남구 , 861 , 568 , 295 , 273 , 163 , 131 , - ,34%,32%,19%,15%,0%
" 2,002 ", 송파구 , 822 , 462 , 329 , 133 , 11 , 350 , - ,40%,16%,1%,43%,0%
" 2,002 ", 강동구 , 538 , 300 , 207 , 93 , 13 , 225 , - ,38%,17%,2%,42%,0%
" 2,003 ", 서울특별시 ," 12,058 "," 6,176 "," 4,134 "," 2,042 ", 765 ," 5,117 ", - ,34%,17%,6%,42%,0%
" 2,003 ", 종로구 , 479 , 220 , 156 , 65 , 6 , 253 , - ,32%,13%,1%,53%,0%
" 2,003 ", 중구 , 547 , 260 , 150 , 109 , 2 , 285 , - ,28%,20%,0%,52%,0%
" 2,003 ", 용산구 , 346 , 136 , 96 , 39 , 10 , 201 , - ,28%,11%,3%,58%,0%
" 2,003 ", 성동구 , 389 , 203 , 139 , 64 , 9 , 177 , - ,36%,17%,2%,45%,0%
" 2,003 ", 광진구 , 465 , 285 , 229 , 56 , 9 , 171 , - ,49%,12%,2%,37%,0%
" 2,003 ", 동대문구 , 512 , 209 , 151 , 58 , 6 , 297 , - ,29%,11%,1%,58%,0%
" 2,003 ", 중랑구 , 340 , 142 , 107 , 36 , 11 , 187 , - ,31%,10%,3%,55%,0%
" 2,003 ", 성북구 , 445 , 204 , 148 , 55 , 5 , 237 , - ,33%,12%,1%,53%,0%
" 2,003 ", 강북구 , 388 , 192 , 153 , 38 , 2 , 194 , - ,40%,10%,0%,50%,0%
" 2,003 ", 도봉구 , 287 , 129 , 79 , 49 , - , 158 , - ,28%,17%,0%,55%,0%
" 2,003 ", 노원구 , 490 , 303 , 158 , 145 , 169 , 18 , - ,32%,30%,34%,4%,0%
" 2,003 ", 은평구 , 383 , 154 , 95 , 59 , 3 , 226 , - ,25%,15%,1%,59%,0%
" 2,003 ", 서대문구 , 398 , 171 , 130 , 41 , 7 , 220 , - ,33%,10%,2%,55%,0%
" 2,003 ", 마포구 , 461 , 239 , 196 , 43 , 3 , 220 , - ,43%,9%,1%,48%,0%
" 2,003 ", 양천구 , 432 , 254 , 151 , 103 , 149 , 30 , - ,35%,24%,34%,7%,0%
" 2,003 ", 강서구 , 594 , 358 , 279 , 79 , 12 , 224 , - ,47%,13%,2%,38%,0%
" 2,003 ", 구로구 , 444 , 259 , 176 , 84 , 112 , 73 , - ,40%,19%,25%,16%,0%
" 2,003 ", 금천구 , 342 , 200 , 147 , 53 , 10 , 132 , - ,43%,15%,3%,39%,0%
" 2,003 ", 영등포구 , 686 , 273 , 209 , 64 , 7 , 406 , - ,30%,9%,1%,59%,0%
" 2,003 ", 동작구 , 420 , 191 , 138 , 53 , 12 , 217 , - ,33%,13%,3%,52%,0%
" 2,003 ", 관악구 , 563 , 280 , 238 , 42 , 13 , 270 , - ,42%,7%,2%,48%,0%
" 2,003 ", 서초구 , 445 , 189 , 79 , 110 , 9 , 247 , - ,18%,25%,2%,55%,0%
" 2,003 ", 강남구 , 875 , 557 , 267 , 290 , 170 , 149 , - ,31%,33%,19%,17%,0%
" 2,003 ", 송파구 , 898 , 546 , 324 , 222 , 24 , 328 , - ,36%,25%,3%,37%,0%
" 2,003 ", 강동구 , 429 , 223 , 138 , 85 , 6 , 200 , - ,32%,20%,1%,46%,0%
" 2,004 ", 서울특별시 ," 11,673 "," 6,426 "," 3,776 "," 2,650 ", 749 ," 4,498 ", - ,32%,23%,6%,39%,0%
" 2,004 ", 종로구 , 499 , 270 , 170 , 100 , 7 , 222 , - ,34%,20%,1%,45%,0%
" 2,004 ", 중구 , 513 , 241 , 139 , 103 , 2 , 269 , - ,27%,20%,0%,53%,0%
" 2,004 ", 용산구 , 343 , 139 , 81 , 58 , 9 , 196 , - ,23%,17%,3%,57%,0%
" 2,004 ", 성동구 , 340 , 170 , 94 , 76 , 6 , 164 , - ,28%,22%,2%,48%,0%
" 2,004 ", 광진구 , 471 , 305 , 232 , 73 , 8 , 158 , - ,49%,16%,2%,34%,0%
" 2,004 ", 동대문구 , 552 , 276 , 188 , 89 , 6 , 270 , - ,34%,16%,1%,49%,0%
" 2,004 ", 중랑구 , 320 , 164 , 91 , 73 , 6 , 150 , - ,29%,23%,2%,47%,0%
" 2,004 ", 성북구 , 429 , 217 , 131 , 86 , 12 , 201 , - ,31%,20%,3%,47%,0%
" 2,004 ", 강북구 , 375 , 200 , 121 , 79 , 5 , 170 , - ,32%,21%,1%,45%,0%
" 2,004 ", 도봉구 , 242 , 125 , 53 , 72 , - , 117 , - ,22%,30%,0%,48%,0%
" 2,004 ", 노원구 , 473 , 305 , 157 , 149 , 163 , 5 , - ,33%,31%,34%,1%,0%
" 2,004 ", 은평구 , 348 , 142 , 67 , 75 , 3 , 203 , - ,19%,22%,1%,58%,0%
" 2,004 ", 서대문구 , 379 , 171 , 107 , 64 , 4 , 204 , - ,28%,17%,1%,54%,0%
" 2,004 ", 마포구 , 471 , 255 , 158 , 97 , 15 , 200 , - ,34%,21%,3%,43%,0%
" 2,004 ", 양천구 , 471 , 315 , 192 , 123 , 138 , 18 , - ,41%,26%,29%,4%,0%
" 2,004 ", 강서구 , 510 , 300 , 187 , 113 , 12 , 199 , - ,37%,22%,2%,39%,0%
" 2,004 ", 구로구 , 386 , 228 , 143 , 85 , 112 , 46 , - ,37%,22%,29%,12%,0%
" 2,004 ", 금천구 , 325 , 192 , 140 , 52 , 6 , 127 , - ,43%,16%,2%,39%,0%
" 2,004 ", 영등포구 , 658 , 317 , 184 , 134 , 7 , 334 , - ,28%,20%,1%,51%,0%
" 2,004 ", 동작구 , 406 , 219 , 129 , 90 , 10 , 176 , - ,32%,22%,2%,44%,0%
" 2,004 ", 관악구 , 583 , 337 , 234 , 103 , 10 , 236 , - ,40%,18%,2%,41%,0%
" 2,004 ", 서초구 , 412 , 177 , 46 , 130 , 9 , 226 , - ,11%,32%,2%,55%,0%
" 2,004 ", 강남구 , 835 , 541 , 242 , 299 , 168 , 126 , - ,29%,36%,20%,15%,0%
" 2,004 ", 송파구 , 882 , 565 , 338 , 227 , 17 , 300 , - ,38%,26%,2%,34%,0%
" 2,004 ", 강동구 , 451 , 256 , 155 , 101 , 13 , 182 , - ,34%,22%,3%,40%,0%
" 2,005 ", 서울특별시 ," 11,170 "," 7,187 "," 3,999 "," 3,189 "," 1,139 "," 2,844 ", - ,36%,29%,10%,25%,0%
" 2,005 ", 종로구 , 565 , 397 , 269 , 127 , 7 , 161 , - ,48%,23%,1%,29%,0%
" 2,005 ", 중구 , 485 , 270 , 129 , 141 , 154 , 62 , - ,27%,29%,32%,13%,0%
" 2,005 ", 용산구 , 301 , 174 , 72 , 102 , 94 , 33 , - ,24%,34%,31%,11%,0%
" 2,005 ", 성동구 , 302 , 170 , 87 , 83 , 9 , 123 , - ,29%,27%,3%,41%,0%
" 2,005 ", 광진구 , 410 , 303 , 198 , 104 , 10 , 98 , - ,48%,25%,2%,24%,0%
" 2,005 ", 동대문구 , 524 , 340 , 226 , 113 , 10 , 174 , - ,43%,22%,2%,33%,0%
" 2,005 ", 중랑구 , 343 , 221 , 141 , 81 , 6 , 116 , - ,41%,23%,2%,34%,0%
" 2,005 ", 성북구 , 399 , 247 , 157 , 90 , 14 , 139 , - ,39%,23%,4%,35%,0%
" 2,005 ", 강북구 , 354 , 237 , 153 , 83 , - , 117 , - ,43%,24%,0%,33%,0%
" 2,005 ", 도봉구 , 230 , 141 , 54 , 87 , - , 89 , - ,23%,38%,0%,39%,0%
" 2,005 ", 노원구 , 452 , 294 , 139 , 155 , 155 , 3 , - ,31%,34%,34%,1%,0%
" 2,005 ", 은평구 , 331 , 189 , 103 , 86 , 4 , 138 , - ,31%,26%,1%,42%,0%
" 2,005 ", 서대문구 , 349 , 208 , 110 , 98 , 7 , 134 , - ,31%,28%,2%,38%,0%
" 2,005 ", 마포구 , 444 , 305 , 208 , 98 , 111 , 27 , - ,47%,22%,25%,6%,0%
" 2,005 ", 양천구 , 447 , 309 , 183 , 126 , 135 , 3 , - ,41%,28%,30%,1%,0%
" 2,005 ", 강서구 , 508 , 338 , 165 , 174 , 16 , 154 , - ,32%,34%,3%,30%,0%
" 2,005 ", 구로구 , 417 , 246 , 146 , 100 , 123 , 47 , - ,35%,24%,30%,11%,0%
" 2,005 ", 금천구 , 313 , 207 , 142 , 65 , 5 , 101 , - ,46%,21%,2%,32%,0%
" 2,005 ", 영등포구 , 560 , 345 , 164 , 181 , 4 , 211 , - ,29%,32%,1%,38%,0%
" 2,005 ", 동작구 , 363 , 230 , 123 , 107 , 6 , 126 , - ,34%,30%,2%,35%,0%
" 2,005 ", 관악구 , 551 , 362 , 244 , 118 , 16 , 173 , - ,44%,21%,3%,31%,0%
" 2,005 ", 서초구 , 394 , 200 , 40 , 161 , 10 , 184 , - ,10%,41%,3%,47%,0%
" 2,005 ", 강남구 , 824 , 543 , 238 , 305 , 213 , 68 , - ,29%,37%,26%,8%,0%
" 2,005 ", 송파구 , 869 , 633 , 341 , 292 , 13 , 223 , - ,39%,34%,2%,26%,0%
" 2,005 ", 강동구 , 438 , 281 , 168 , 113 , 16 , 140 , - ,38%,26%,4%,32%,0%
" 2,006 ", 서울특별시 ," 11,420 "," 7,346 "," 4,073 "," 3,273 "," 1,242 "," 2,832 ", - ,36%,29%,11%,25%,0%
" 2,006 ", 종로구 , 443 , 272 , 151 , 121 , 6 , 165 , - ,34%,27%,1%,37%,0%
" 2,006 ", 중구 , 499 , 278 , 128 , 150 , 183 , 39 , - ,26%,30%,37%,8%,0%
" 2,006 ", 용산구 , 326 , 173 , 83 , 90 , 124 , 29 , - ,26%,27%,38%,9%,0%
" 2,006 ", 성동구 , 323 , 193 , 108 , 85 , 5 , 125 , - ,33%,26%,1%,39%,0%
" 2,006 ", 광진구 , 438 , 308 , 205 , 104 , 14 , 116 , - ,47%,24%,3%,26%,0%
" 2,006 ", 동대문구 , 538 , 364 , 248 , 116 , 11 , 164 , - ,46%,22%,2%,30%,0%
" 2,006 ", 중랑구 , 340 , 184 , 104 , 80 , 9 , 147 , - ,31%,24%,3%,43%,0%
" 2,006 ", 성북구 , 394 , 246 , 150 , 97 , 8 , 139 , - ,38%,25%,2%,35%,0%
" 2,006 ", 강북구 , 350 , 236 , 155 , 81 , 7 , 108 , - ,44%,23%,2%,31%,0%
" 2,006 ", 도봉구 , 416 , 323 , 219 , 105 , 5 , 88 , - ,53%,25%,1%,21%,0%
" 2,006 ", 노원구 , 450 , 296 , 138 , 157 , 151 , 3 , - ,31%,35%,34%,1%,0%
" 2,006 ", 은평구 , 319 , 173 , 88 , 85 , 8 , 138 , - ,28%,27%,3%,43%,0%
" 2,006 ", 서대문구 , 348 , 198 , 106 , 92 , 9 , 141 , - ,30%,26%,3%,41%,0%
" 2,006 ", 마포구 , 431 , 277 , 175 , 103 , 122 , 32 , - ,41%,24%,28%,7%,0%
" 2,006 ", 양천구 , 463 , 320 , 188 , 132 , 132 , 11 , - ,41%,28%,28%,2%,0%
" 2,006 ", 강서구 , 445 , 283 , 95 , 189 , 13 , 149 , - ,21%,42%,3%,33%,0%
" 2,006 ", 구로구 , 440 , 280 , 171 , 109 , 134 , 26 , - ,39%,25%,30%,6%,0%
" 2,006 ", 금천구 , 302 , 194 , 128 , 66 , 9 , 99 , - ,42%,22%,3%,33%,0%
" 2,006 ", 영등포구 , 540 , 354 , 163 , 191 , 6 , 180 , - ,30%,35%,1%,33%,0%
" 2,006 ", 동작구 , 373 , 235 , 127 , 107 , 7 , 131 , - ,34%,29%,2%,35%,0%
" 2,006 ", 관악구 , 582 , 380 , 250 , 130 , 6 , 196 , - ,43%,22%,1%,34%,0%
" 2,006 ", 서초구 , 557 , 358 , 186 , 173 , 9 , 190 , - ,33%,31%,2%,34%,0%
" 2,006 ", 강남구 , 800 , 520 , 210 , 311 , 233 , 47 , - ,26%,39%,29%,6%,0%
" 2,006 ", 송파구 , 885 , 640 , 351 , 289 , 19 , 226 , - ,40%,33%,2%,26%,0%
" 2,006 ", 강동구 , 419 , 262 , 149 , 113 , 14 , 143 , - ,36%,27%,3%,34%,0%
" 2,007 ", 서울특별시 ," 11,525 "," 7,446 "," 4,095 "," 3,350 "," 1,673 "," 2,406 ", - ,36%,29%,15%,21%,0%
" 2,007 ", 종로구 , 467 , 300 , 175 , 125 , 7 , 160 , - ,38%,27%,1%,34%,0%
" 2,007 ", 중구 , 502 , 278 , 137 , 141 , 196 , 29 , - ,27%,28%,39%,6%,0%
" 2,007 ", 용산구 , 286 , 148 , 64 , 84 , 111 , 27 , - ,22%,29%,39%,10%,0%
" 2,007 ", 성동구 , 300 , 183 , 97 , 86 , 21 , 96 , - ,32%,29%,7%,32%,0%
" 2,007 ", 광진구 , 357 , 226 , 131 , 95 , 42 , 89 , - ,37%,27%,12%,25%,0%
" 2,007 ", 동대문구 , 487 , 325 , 211 , 114 , 1 , 161 , - ,43%,23%,0%,33%,0%
" 2,007 ", 중랑구 , 359 , 170 , 89 , 81 , 71 , 118 , - ,25%,22%,20%,33%,0%
" 2,007 ", 성북구 , 417 , 285 , 180 , 105 , 43 , 90 , - ,43%,25%,10%,22%,0%
" 2,007 ", 강북구 , 346 , 231 , 146 , 85 , 41 , 75 , - ,42%,24%,12%,22%,0%
" 2,007 ", 도봉구 , 413 , 323 , 224 , 99 , 28 , 62 , - ,54%,24%,7%,15%,0%
" 2,007 ", 노원구 , 441 , 287 , 123 , 165 , 148 , 7 , - ,28%,37%,33%,2%,0%
" 2,007 ", 은평구 , 295 , 148 , 61 , 87 , 9 , 138 , - ,21%,29%,3%,47%,0%
" 2,007 ", 서대문구 , 293 , 149 , 58 , 91 , 9 , 135 , - ,20%,31%,3%,46%,0%
" 2,007 ", 마포구 , 434 , 282 , 166 , 116 , 124 , 29 , - ,38%,27%,28%,7%,0%
" 2,007 ", 양천구 , 624 , 482 , 340 , 141 , 128 , 15 , - ,55%,23%,21%,2%,0%
" 2,007 ", 강서구 , 538 , 339 , 149 , 191 , 95 , 104 , - ,28%,35%,18%,19%,0%
" 2,007 ", 구로구 , 436 , 283 , 173 , 110 , 128 , 25 , - ,40%,25%,29%,6%,0%
" 2,007 ", 금천구 , 317 , 201 , 129 , 72 , 22 , 94 , - ,41%,23%,7%,30%,0%
" 2,007 ", 영등포구 , 562 , 361 , 164 , 197 , 68 , 134 , - ,29%,35%,12%,24%,0%
" 2,007 ", 동작구 , 364 , 218 , 103 , 115 , 27 , 120 , - ,28%,31%,7%,33%,0%
" 2,007 ", 관악구 , 569 , 387 , 253 , 134 , 14 , 169 , - ,45%,24%,2%,30%,0%
" 2,007 ", 서초구 , 564 , 362 , 165 , 196 , 42 , 160 , - ,29%,35%,7%,28%,0%
" 2,007 ", 강남구 , 838 , 531 , 201 , 330 , 246 , 61 , - ,24%,39%,29%,7%,0%
" 2,007 ", 송파구 , 930 , 709 , 426 , 283 , 32 , 189 , - ,46%,30%,3%,20%,0%
" 2,007 ", 강동구 , 386 , 241 , 132 , 109 , 23 , 122 , - ,34%,28%,6%,32%,0%
" 2,008 ", 서울특별시 ," 11,447 "," 7,509 "," 4,104 "," 3,405 "," 2,027 "," 1,910 ", - ,36%,30%,18%,17%,0%
" 2,008 ", 종로구 , 433 , 273 , 151 , 122 , 8 , 151 , - ,35%,28%,2%,35%,0%
" 2,008 ", 중구 , 621 , 405 , 262 , 144 , 185 , 31 , - ,42%,23%,30%,5%,0%
" 2,008 ", 용산구 , 284 , 7 , 63 , 86 , 112 , 24 , - ,22%,30%,39%,8%,0%
" 2,008 ", 성동구 , 301 , 180 , 95 , 85 , 72 , 49 , - ,32%,28%,24%,16%,0%
" 2,008 ", 광진구 , 376 , 246 , 151 , 95 , 89 , 41 , - ,40%,25%,24%,11%,0%
" 2,008 ", 동대문구 , 422 , 263 , 180 , 83 , 9 , 150 , - ,43%,20%,2%,36%,0%
" 2,008 ", 중랑구 , 292 , 169 , 92 , 77 , 76 , 47 , - ,32%,26%,26%,16%,0%
" 2,008 ", 성북구 , 425 , 284 , 182 , 102 , 91 , 51 , - ,43%,24%,21%,12%,0%
" 2,008 ", 강북구 , 327 , 232 , 144 , 88 , 54 , 41 , - ,44%,27%,17%,13%,0%
" 2,008 ", 도봉구 , 398 , 311 , 211 , 101 , 49 , 38 , - ,53%,25%,12%,9%,0%
" 2,008 ", 노원구 , 420 , 272 , 105 , 168 , 119 , 29 , - ,25%,40%,28%,7%,0%
" 2,008 ", 은평구 , 286 , 139 , 55 , 84 , 26 , 121 , - ,19%,29%,9%,42%,0%
" 2,008 ", 서대문구 , 268 , 139 , 50 , 90 , 9 , 120 , - ,19%,33%,3%,45%,0%
" 2,008 ", 마포구 , 417 , 269 , 145 , 124 , 123 , 25 , - ,35%,30%,30%,6%,0%
" 2,008 ", 양천구 , 505 , 339 , 186 , 153 , 110 , 57 , - ,37%,30%,22%,11%,0%
" 2,008 ", 강서구 , 521 , 378 , 173 , 205 , 89 , 54 , - ,33%,39%,17%,10%,0%
" 2,008 ", 구로구 , 442 , 295 , 181 , 114 , 129 , 18 , - ,41%,26%,29%,4%,0%
" 2,008 ", 금천구 , 222 , 134 , 55 , 78 , 5 , 84 , - ,25%,35%,2%,38%,0%
" 2,008 ", 영등포구 , 600 , 412 , 202 , 210 , 91 , 97 , - ,34%,35%,15%,16%,0%
" 2,008 ", 동작구 , 401 , 224 , 102 , 123 , 71 , 106 , - ,25%,31%,18%,26%,0%
" 2,008 ", 관악구 , 540 , 385 , 257 , 129 , 8 , 147 , - ,48%,24%,1%,27%,0%
" 2,008 ", 서초구 , 571 , 381 , 186 , 194 , 119 , 71 , - ,33%,34%,21%,12%,0%
" 2,008 ", 강남구 , 943 , 582 , 240 , 342 , 193 , 168 , - ,25%,36%,20%,18%,0%
" 2,008 ", 송파구 , 936 , 696 , 398 , 298 , 132 , 108 , - ,43%,32%,14%,12%,0%
" 2,008 ", 강동구 , 496 , 351 , 239 , 112 , 62 , 84 , - ,48%,22%,12%,17%,0%
" 2,009 ", 서울특별시 ," 11,337 "," 7,722 "," 4,274 "," 3,447 "," 2,135 "," 1,480 ", - ,38%,30%,19%,13%,0%
" 2,009 ", 종로구 , 385 , 243 , 122 , 121 , 99 , 44 , - ,32%,31%,26%,11%,0%
" 2,009 ", 중구 , 487 , 291 , 147 , 143 , 155 , 41 , - ,30%,29%,32%,8%,0%
" 2,009 ", 용산구 , 327 , 217 , 124 , 93 , 91 , 19 , - ,38%,29%,28%,6%,0%
" 2,009 ", 성동구 , 313 , 201 , 116 , 85 , 86 , 25 , - ,37%,27%,27%,8%,0%
" 2,009 ", 광진구 , 383 , 278 , 179 , 100 , 89 , 15 , - ,47%,26%,23%,4%,0%
" 2,009 ", 동대문구 , 378 , 239 , 148 , 91 , - , 139 , - ,39%,24%,0%,37%,0%
" 2,009 ", 중랑구 , 394 , 286 , 211 , 75 , 87 , 21 , - ,54%,19%,22%,5%,0%
" 2,009 ", 성북구 , 402 , 281 , 177 , 104 , 102 , 18 , - ,44%,26%,25%,5%,0%
" 2,009 ", 강북구 , 316 , 223 , 134 , 90 , 76 , 16 , - ,42%,28%,24%,5%,0%
" 2,009 ", 도봉구 , 307 , 234 , 132 , 102 , 54 , 20 , - ,43%,33%,18%,6%,0%
" 2,009 ", 노원구 , 541 , 345 , 180 , 166 , 127 , 69 , - ,33%,31%,23%,13%,0%
" 2,009 ", 은평구 , 344 , 215 , 138 , 77 , 29 , 101 , - ,40%,22%,8%,29%,0%
" 2,009 ", 서대문구 , 327 , 215 , 125 , 91 , 69 , 43 , - ,38%,28%,21%,13%,0%
" 2,009 ", 마포구 , 414 , 283 , 163 , 120 , 103 , 28 , - ,39%,29%,25%,7%,0%
" 2,009 ", 양천구 , 535 , 364 , 205 , 159 , 88 , 83 , - ,38%,30%,16%,16%,0%
" 2,009 ", 강서구 , 571 , 450 , 237 , 213 , 60 , 61 , - ,42%,37%,11%,11%,0%
" 2,009 ", 구로구 , 430 , 291 , 179 , 112 , 130 , 10 , - ,42%,26%,30%,2%,0%
" 2,009 ", 금천구 , 273 , 192 , 113 , 79 , 6 , 75 , - ,41%,29%,2%,27%,0%
" 2,009 ", 영등포구 , 537 , 407 , 200 , 207 , 67 , 63 , - ,37%,39%,12%,12%,0%
" 2,009 ", 동작구 , 394 , 255 , 135 , 121 , 81 , 58 , - ,34%,31%,21%,15%,0%
" 2,009 ", 관악구 , 474 , 326 , 200 , 126 , 7 , 141 , - ,42%,27%,1%,30%,0%
" 2,009 ", 서초구 , 609 , 408 , 215 , 193 , 140 , 61 , - ,35%,32%,23%,10%,0%
" 2,009 ", 강남구 , 979 , 605 , 263 , 342 , 198 , 176 , - ,27%,35%,20%,18%,0%
" 2,009 ", 송파구 , 791 , 584 , 262 , 322 , 134 , 73 , - ,33%,41%,17%,9%,0%
" 2,009 ", 강동구 , 426 , 289 , 172 , 117 , 58 , 80 , - ,40%,27%,14%,19%,0%
" 2,010 ", 서울특별시 ," 10,020 "," 6,593 "," 3,211 "," 3,382 "," 1,982 "," 1,446 ", - ,32%,34%,20%,14%,0%
" 2,010 ", 종로구 , 439 , 288 , 154 , 134 , 86 , 65 , - ,35%,31%,20%,15%,0%
" 2,010 ", 중구 , 529 , 288 , 148 , 140 , 198 , 43 , - ,28%,26%,37%,8%,0%
" 2,010 ", 용산구 , 204 , 181 , 85 , 96 , 17 , 6 , - ,42%,47%,8%,3%,0%
" 2,010 ", 성동구 , 282 , 177 , 92 , 85 , 83 , 22 , - ,33%,30%,30%,8%,0%
" 2,010 ", 광진구 , 392 , 289 , 189 , 100 , 76 , 28 , - ,48%,26%,19%,7%,0%
" 2,010 ", 동대문구 , 409 , 279 , 188 , 91 , - , 130 , - ,46%,22%,0%,32%,0%
" 2,010 ", 중랑구 , 215 , 124 , 27 , 97 , 66 , 25 , - ,13%,45%,31%,12%,0%
" 2,010 ", 성북구 , 358 , 240 , 142 , 98 , 107 , 10 , - ,40%,27%,30%,3%,0%
" 2,010 ", 강북구 , 233 , 145 , 57 , 89 , 77 , 11 , - ,24%,38%,33%,5%,0%
" 2,010 ", 도봉구 , 401 , 326 , 227 , 98 , 60 , 15 , - ,57%,25%,15%,4%,0%
" 2,010 ", 노원구 , 453 , 290 , 130 , 160 , 117 , 45 , - ,29%,35%,26%,10%,0%
" 2,010 ", 은평구 , 265 , 130 , 52 , 78 , 40 , 94 , - ,20%,30%,15%,35%,0%
" 2,010 ", 서대문구 , 308 , 193 , 102 , 91 , 77 , 39 , - ,33%,30%,25%,13%,0%
" 2,010 ", 마포구 , 303 , 166 , 44 , 122 , 108 , 29 , - ,14%,40%,35%,10%,0%
" 2,010 ", 양천구 , 277 , 221 , 67 , 154 , 45 , 12 , - ,24%,56%,16%,4%,0%
" 2,010 ", 강서구 , 671 , 450 , 235 , 215 , 77 , 144 , - ,35%,32%,11%,21%,0%
" 2,010 ", 구로구 , 308 , 170 , 62 , 108 , 129 , 9 , - ,20%,35%,42%,3%,0%
" 2,010 ", 금천구 , 197 , 137 , 56 , 80 , 6 , 55 , - ,29%,41%,3%,28%,0%
" 2,010 ", 영등포구 , 541 , 422 , 215 , 207 , 47 , 73 , - ,40%,38%,9%,13%,0%
" 2,010 ", 동작구 , 323 , 206 , 120 , 86 , 74 , 42 , - ,37%,27%,23%,13%,0%
" 2,010 ", 관악구 , 340 , 163 , 35 , 128 , 21 , 156 , - ,10%,38%,6%,46%,0%
" 2,010 ", 서초구 , 589 , 393 , 209 , 184 , 131 , 65 , - ,35%,31%,22%,11%,0%
" 2,010 ", 강남구 , 991 , 632 , 292 , 340 , 137 , 222 , - ,29%,34%,14%,22%,0%
" 2,010 ", 송파구 , 733 , 545 , 264 , 282 , 142 , 47 , - ,36%,38%,19%,6%,0%
" 2,010 ", 강동구 , 259 , 136 , 18 , 118 , 62 , 60 , - ,7%,46%,24%,23%,0%
" 2,011 ", 서울특별시 ," 9,440 "," 5,993 "," 2,646 "," 3,347 "," 2,345 "," 1,102 ", - ,28%,35%,25%,12%,0%
" 2,011 ", 종로구 , 411 , 261 , 158 , 103 , 85 , 65 , - ,38%,25%,21%,16%,0%
" 2,011 ", 중구 , 563 , 318 , 176 , 143 , 203 , 41 , - ,31%,25%,36%,7%,0%
" 2,011 ", 용산구 , 214 , 105 , 20 , 85 , 97 , 12 , - ,10%,40%,45%,6%,0%
" 2,011 ", 성동구 , 290 , 182 , 89 , 93 , 84 , 24 , - ,31%,32%,29%,8%,0%
" 2,011 ", 광진구 , 365 , 271 , 166 , 105 , 64 , 31 , - ,45%,29%,18%,8%,0%
" 2,011 ", 동대문구 , 445 , 311 , 216 , 95 , - , 133 , - ,49%,21%,0%,30%,0%
" 2,011 ", 중랑구 , 213 , 111 , 19 , 92 , 91 , 12 , - ,9%,43%,43%,5%,0%
" 2,011 ", 성북구 , 298 , 174 , 68 , 106 , 108 , 15 , - ,23%,36%,36%,5%,0%
" 2,011 ", 강북구 , 243 , 158 , 69 , 88 , 75 , 10 , - ,29%,36%,31%,4%,0%
" 2,011 ", 도봉구 , 404 , 328 , 234 , 94 , 64 , 12 , - ,58%,23%,16%,3%,0%
" 2,011 ", 노원구 , 304 , 183 , 18 , 165 , 120 , 1 , - ,6%,54%,39%,0%,0%
" 2,011 ", 은평구 , 270 , 136 , 56 , 80 , 39 , 95 , - ,21%,30%,15%,35%,0%
" 2,011 ", 서대문구 , 291 , 194 , 109 , 85 , 63 , 35 , - ,37%,29%,21%,12%,0%
" 2,011 ", 마포구 , 310 , 176 , 51 , 124 , 113 , 21 , - ,17%,40%,36%,7%,0%
" 2,011 ", 양천구 , 257 , 184 , 51 , 133 , 66 , 8 , - ,20%,52%,25%,3%,0%
" 2,011 ", 강서구 , 430 , 316 , 112 , 204 , 91 , 23 , - ,26%,47%,21%,5%,0%
" 2,011 ", 구로구 , 277 , 139 , 33 , 106 , 119 , 19 , - ,12%,38%,43%,7%,0%
" 2,011 ", 금천구 , 221 , 128 , 48 , 80 , 7 , 86 , - ,22%,36%,3%,39%,0%
" 2,011 ", 영등포구 , 366 , 227 , 20 , 207 , 110 , 29 , - ,6%,57%,30%,8%,0%
" 2,011 ", 동작구 , 328 , 204 , 95 , 108 , 93 , 32 , - ,29%,33%,28%,10%,0%
" 2,011 ", 관악구 , 321 , 157 , 37 , 121 , 8 , 156 , - ,11%,38%,2%,49%,0%
" 2,011 ", 서초구 , 588 , 398 , 209 , 189 , 128 , 63 , - ,35%,32%,22%,11%,0%
" 2,011 ", 강남구 ," 1,017 ", 661 , 318 , 343 , 316 , 41 , - ,31%,34%,31%,4%,0%
" 2,011 ", 송파구 , 752 , 532 , 258 , 274 , 146 , 74 , - ,34%,36%,19%,10%,0%
" 2,011 ", 강동구 , 263 , 141 , 15 , 126 , 55 , 66 , - ,6%,48%,21%,25%,0%
" 2,012 ", 서울특별시 ," 9,189 "," 6,005 "," 2,693 "," 3,312 "," 2,465 ", 719 , - ,29%,36%,27%,8%,0%
" 2,012 ", 종로구 , 387 , 269 , 160 , 109 , 103 , 15 , - ,41%,28%,27%,4%,0%
" 2,012 ", 중구 , 553 , 331 , 183 , 148 , 209 , 14 , - ,33%,27%,38%,3%,0%
" 2,012 ", 용산구 , 228 , 123 , 40 , 83 , 97 , 8 , - ,17%,36%,43%,4%,0%
" 2,012 ", 성동구 , 268 , 173 , 87 , 87 , 68 , 27 , - ,32%,32%,25%,10%,0%
" 2,012 ", 광진구 , 369 , 277 , 164 , 113 , 69 , 23 , - ,44%,31%,19%,6%,0%
" 2,012 ", 동대문구 , 400 , 283 , 183 , 100 , 101 , 16 , - ,46%,25%,25%,4%,0%
" 2,012 ", 중랑구 , 223 , 125 , 27 , 97 , 91 , 7 , - ,12%,44%,41%,3%,0%
" 2,012 ", 성북구 , 301 , 173 , 67 , 106 , 107 , 21 , - ,22%,35%,36%,7%,0%
" 2,012 ", 강북구 , 243 , 164 , 75 , 90 , 76 , 2 , - ,31%,37%,31%,1%,0%
" 2,012 ", 도봉구 , 400 , 327 , 232 , 95 , 64 , 9 , - ,58%,24%,16%,2%,0%
" 2,012 ", 노원구 , 308 , 187 , 22 , 166 , 120 , 1 , - ,7%,54%,39%,0%,0%
" 2,012 ", 은평구 , 261 , 136 , 63 , 73 , 44 , 81 , - ,24%,28%,17%,31%,0%
" 2,012 ", 서대문구 , 264 , 165 , 76 , 89 , 87 , 12 , - ,29%,34%,33%,4%,0%
" 2,012 ", 마포구 , 280 , 155 , 33 , 122 , 112 , 13 , - ,12%,44%,40%,5%,0%
" 2,012 ", 양천구 , 275 , 173 , 38 , 135 , 97 , 5 , - ,14%,49%,35%,2%,0%
" 2,012 ", 강서구 , 399 , 286 , 87 , 200 , 97 , 16 , - ,22%,50%,24%,4%,0%
" 2,012 ", 구로구 , 286 , 152 , 39 , 114 , 129 , 5 , - ,14%,40%,45%,2%,0%
" 2,012 ", 금천구 , 224 , 137 , 62 , 75 , 14 , 72 , - ,28%,34%,6%,32%,0%
" 2,012 ", 영등포구 , 403 , 247 , 47 , 199 , 126 , 31 , - ,12%,49%,31%,8%,0%
" 2,012 ", 동작구 , 338 , 241 , 126 , 115 , 81 , 16 , - ,37%,34%,24%,5%,0%
" 2,012 ", 관악구 , 318 , 188 , 66 , 122 , 21 , 109 , - ,21%,38%,7%,34%,0%
" 2,012 ", 서초구 , 578 , 400 , 209 , 192 , 127 , 51 , - ,36%,33%,22%,9%,0%
" 2,012 ", 강남구 , 985 , 680 , 340 , 340 , 235 , 70 , - ,35%,35%,24%,7%,0%
" 2,012 ", 송파구 , 644 , 468 , 244 , 223 , 141 , 36 , - ,38%,35%,22%,6%,0%
" 2,012 ", 강동구 , 259 , 147 , 26 , 121 , 52 , 60 , - ,10%,47%,20%,23%,0%
" 2,013 ", 서울특별시 ," 8,559 "," 5,481 "," 2,409 "," 3,072 "," 2,304 ", 774 , - ,28%,36%,27%,9%,0%
" 2,013 ", 종로구 , 355 , 223 , 107 , 116 , 99 , 33 , - ,30%,33%,28%,9%,0%
" 2,013 ", 중구 , 508 , 328 , 197 , 131 , 167 , 13 , - ,39%,26%,33%,3%,0%
" 2,013 ", 용산구 , 193 , 97 , 19 , 78 , 88 , 8 , - ,10%,40%,45%,4%,0%
" 2,013 ", 성동구 , 262 , 174 , 87 , 87 , 73 , 16 , - ,33%,33%,28%,6%,0%
" 2,013 ", 광진구 , 379 , 286 , 187 , 99 , 66 , 27 , - ,49%,26%,17%,7%,0%
" 2,013 ", 동대문구 , 397 , 279 , 181 , 99 , 103 , 14 , - ,46%,25%,26%,4%,0%
" 2,013 ", 중랑구 , 227 , 127 , 25 , 103 , 86 , 14 , - ,11%,45%,38%,6%,0%
" 2,013 ", 성북구 , 275 , 158 , 53 , 105 , 102 , 15 , - ,19%,38%,37%,5%,0%
" 2,013 ", 강북구 , 233 , 156 , 68 , 88 , 70 , 7 , - ,29%,38%,30%,3%,0%
" 2,013 ", 도봉구 , 386 , 319 , 227 , 92 , 59 , 9 , - ,59%,24%,15%,2%,0%
" 2,013 ", 노원구 , 302 , 183 , 20 , 163 , 115 , 4 , - ,7%,54%,38%,1%,0%
" 2,013 ", 은평구 , 295 , 154 , 69 , 85 , 42 , 99 , - ,23%,29%,14%,34%,0%
" 2,013 ", 서대문구 , 262 , 160 , 71 , 89 , 94 , 9 , - ,27%,34%,36%,3%,0%
" 2,013 ", 마포구 , 287 , 160 , 37 , 123 , 113 , 14 , - ,13%,43%,39%,5%,0%
" 2,013 ", 양천구 , 276 , 179 , 41 , 138 , 90 , 8 , - ,15%,50%,32%,3%,0%
" 2,013 ", 강서구 , 370 , 243 , 82 , 161 , 104 , 24 , - ,22%,44%,28%,6%,0%
" 2,013 ", 구로구 , 279 , 140 , 31 , 109 , 122 , 17 , - ,11%,39%,44%,6%,0%
" 2,013 ", 금천구 , 180 , 99 , 31 , 68 , 8 , 73 , - ,17%,38%,4%,41%,0%
" 2,013 ", 영등포구 , 306 , 164 , 23 , 141 , 112 , 30 , - ,7%,46%,37%,10%,0%
" 2,013 ", 동작구 , 328 , 227 , 121 , 106 , 87 , 13 , - ,37%,32%,27%,4%,0%
" 2,013 ", 관악구 , 316 , 180 , 65 , 115 , 27 , 109 , - ,20%,37%,8%,34%,0%
" 2,013 ", 서초구 , 552 , 391 , 197 , 193 , 132 , 30 , - ,36%,35%,24%,5%,0%
" 2,013 ", 강남구 , 745 , 500 , 223 , 277 , 160 , 85 , - ,30%,37%,22%,11%,0%
" 2,013 ", 송파구 , 600 , 426 , 239 , 187 , 132 , 42 , - ,40%,31%,22%,7%,0%
" 2,013 ", 강동구 , 246 , 132 , 10 , 122 , 53 , 62 , - ,4%,49%,21%,25%,0%
" 2,014 ", 서울특별시 ," 9,614 "," 6,424 "," 3,243 "," 3,181 "," 2,263 ", 927 , - ,34%,33%,24%,10%,0%
" 2,014 ", 종로구 , 365 , 227 , 108 , 120 , 104 , 34 , - ,30%,33%,28%,9%,0%
" 2,014 ", 중구 , 505 , 317 , 187 , 130 , 168 , 19 , - ,37%,26%,33%,4%,0%
" 2,014 ", 용산구 , 273 , 177 , 100 , 77 , 87 , 9 , - ,37%,28%,32%,3%,0%
" 2,014 ", 성동구 , 254 , 165 , 86 , 80 , 68 , 21 , - ,34%,31%,27%,8%,0%
" 2,014 ", 광진구 , 349 , 255 , 150 , 105 , 60 , 34 , - ,43%,30%,17%,10%,0%
" 2,014 ", 동대문구 , 415 , 295 , 190 , 105 , 97 , 23 , - ,46%,25%,23%,6%,0%
" 2,014 ", 중랑구 , 369 , 262 , 160 , 102 , 84 , 24 , - ,43%,28%,23%,6%,0%
" 2,014 ", 성북구 , 367 , 246 , 136 , 109 , 97 , 24 , - ,37%,30%,26%,7%,0%
" 2,014 ", 강북구 , 232 , 150 , 63 , 88 , 66 , 16 , - ,27%,38%,29%,7%,0%
" 2,014 ", 도봉구 , 348 , 280 , 182 , 98 , 55 , 13 , - ,52%,28%,16%,4%,0%
" 2,014 ", 노원구 , 356 , 237 , 67 , 170 , 108 , 11 , - ,19%,48%,30%,3%,0%
" 2,014 ", 은평구 , 300 , 158 , 70 , 89 , 45 , 98 , - ,23%,30%,15%,33%,0%
" 2,014 ", 서대문구 , 312 , 210 , 119 , 91 , 93 , 9 , - ,38%,29%,30%,3%,0%
" 2,014 ", 마포구 , 458 , 331 , 199 , 132 , 114 , 13 , - ,43%,29%,25%,3%,0%
" 2,014 ", 양천구 , 348 , 231 , 111 , 119 , 96 , 21 , - ,32%,34%,28%,6%,0%
" 2,014 ", 강서구 , 437 , 305 , 135 , 170 , 102 , 29 , - ,31%,39%,23%,7%,0%
" 2,014 ", 구로구 , 323 , 187 , 70 , 117 , 118 , 17 , - ,22%,36%,37%,5%,0%
" 2,014 ", 금천구 , 251 , 167 , 98 , 68 , 8 , 76 , - ,39%,27%,3%,30%,0%
" 2,014 ", 영등포구 , 356 , 196 , 59 , 137 , 120 , 40 , - ,17%,39%,34%,11%,0%
" 2,014 ", 동작구 , 340 , 239 , 123 , 116 , 81 , 20 , - ,36%,34%,24%,6%,0%
" 2,014 ", 관악구 , 354 , 218 , 99 , 119 , 32 , 104 , - ,28%,34%,9%,29%,0%
" 2,014 ", 서초구 , 546 , 380 , 192 , 188 , 127 , 40 , - ,35%,34%,23%,7%,0%
" 2,014 ", 강남구 , 808 , 556 , 214 , 342 , 144 , 108 , - ,26%,42%,18%,13%,0%
" 2,014 ", 송파구 , 556 , 361 , 176 , 185 , 131 , 64 , - ,32%,33%,24%,12%,0%
" 2,014 ", 강동구 , 393 , 274 , 149 , 125 , 59 , 59 , - ,38%,32%,15%,15%,0%
" 2,015 ", 서울특별시 ," 9,439 "," 6,501 "," 3,336 "," 3,166 "," 2,218 ", 719 , - ,35%,34%,24%,8%,0%
" 2,015 ", 종로구 , 324 , 201 , 104 , 97 , 92 , 32 , - ,32%,30%,28%,10%,0%
" 2,015 ", 중구 , 500 , 315 , 187 , 128 , 165 , 21 , - ,37%,26%,33%,4%,0%
" 2,015 ", 용산구 , 255 , 166 , 88 , 78 , 80 , 10 , - ,34%,30%,31%,4%,0%
" 2,015 ", 성동구 , 259 , 179 , 87 , 92 , 57 , 24 , - ,34%,35%,22%,9%,0%
" 2,015 ", 광진구 , 339 , 250 , 146 , 104 , 61 , 28 , - ,43%,31%,18%,8%,0%
" 2,015 ", 동대문구 , 408 , 292 , 186 , 106 , 96 , 21 , - ,46%,26%,23%,5%,0%
" 2,015 ", 중랑구 , 392 , 288 , 188 , 100 , 89 , 15 , - ,48%,25%,23%,4%,0%
" 2,015 ", 성북구 , 359 , 249 , 142 , 107 , 92 , 19 , - ,39%,30%,26%,5%,0%
" 2,015 ", 강북구 , 230 , 153 , 64 , 89 , 66 , 12 , - ,28%,38%,29%,5%,0%
" 2,015 ", 도봉구 , 315 , 245 , 148 , 97 , 61 , 9 , - ,47%,31%,19%,3%,0%
" 2,015 ", 노원구 , 464 , 351 , 188 , 163 , 106 , 7 , - ,41%,35%,23%,2%,0%
" 2,015 ", 은평구 , 228 , 160 , 67 , 93 , 41 , 27 , - ,29%,41%,18%,12%,0%
" 2,015 ", 서대문구 , 302 , 202 , 120 , 83 , 88 , 11 , - ,40%,27%,29%,4%,0%
" 2,015 ", 마포구 , 462 , 331 , 189 , 143 , 116 , 14 , - ,41%,31%,25%,3%,0%
" 2,015 ", 양천구 , 323 , 223 , 105 , 117 , 81 , 19 , - ,33%,36%,25%,6%,0%
" 2,015 ", 강서구 , 434 , 307 , 128 , 179 , 104 , 23 , - ,29%,41%,24%,5%,0%
" 2,015 ", 구로구 , 315 , 176 , 64 , 112 , 114 , 24 , - ,20%,36%,36%,8%,0%
" 2,015 ", 금천구 , 240 , 172 , 106 , 66 , 1 , 68 , - ,44%,27%,0%,28%,0%
" 2,015 ", 영등포구 , 390 , 249 , 88 , 161 , 114 , 27 , - ,23%,41%,29%,7%,0%
" 2,015 ", 동작구 , 298 , 210 , 104 , 106 , 67 , 21 , - ,35%,36%,22%,7%,0%
" 2,015 ", 관악구 , 338 , 210 , 93 , 117 , 30 , 98 , - ,27%,35%,9%,29%,0%
" 2,015 ", 서초구 , 562 , 402 , 196 , 206 , 113 , 47 , - ,35%,37%,20%,8%,0%
" 2,015 ", 강남구 , 713 , 471 , 198 , 272 , 200 , 42 , - ,28%,38%,28%,6%,0%
" 2,015 ", 송파구 , 576 , 398 , 177 , 221 , 121 , 57 , - ,31%,38%,21%,10%,0%
" 2,015 ", 강동구 , 412 , 305 , 173 , 132 , 63 , 45 , - ,42%,32%,15%,11%,0%
" 2,016 ", 서울특별시 ," 9,608 "," 6,550 "," 3,474 "," 3,075 "," 2,292 ", 766 , - ,36%,32%,24%,8%,0%
" 2,016 ", 종로구 , 406 , 227 , 119 , 108 , 143 , 36 , - ,29%,27%,35%,9%,0%
" 2,016 ", 중구 , 499 , 312 , 186 , 126 , 167 , 20 , - ,37%,25%,33%,4%,0%
" 2,016 ", 용산구 , 262 , 167 , 90 , 77 , 84 , 11 , - ,34%,29%,32%,4%,0%
" 2,016 ", 성동구 , 258 , 177 , 89 , 88 , 60 , 21 , - ,34%,34%,23%,8%,0%
" 2,016 ", 광진구 , 326 , 241 , 138 , 103 , 64 , 21 , - ,42%,31%,20%,7%,0%
" 2,016 ", 동대문구 , 427 , 311 , 206 , 105 , 95 , 21 , - ,48%,25%,22%,5%,0%
" 2,016 ", 중랑구 , 388 , 284 , 190 , 93 , 90 , 14 , - ,49%,24%,23%,4%,0%
" 2,016 ", 성북구 , 358 , 254 , 151 , 103 , 91 , 13 , - ,42%,29%,25%,4%,0%
" 2,016 ", 강북구 , 230 , 155 , 70 , 85 , 67 , 8 , - ,31%,37%,29%,3%,0%
" 2,016 ", 도봉구 , 315 , 247 , 156 , 91 , 62 , 6 , - ,50%,29%,20%,2%,0%
" 2,016 ", 노원구 , 455 , 336 , 178 , 158 , 113 , 7 , - ,39%,35%,25%,1%,0%
" 2,016 ", 은평구 , 283 , 149 , 57 , 91 , 86 , 49 , - ,20%,32%,30%,17%,0%
" 2,016 ", 서대문구 , 298 , 195 , 115 , 80 , 91 , 12 , - ,39%,27%,31%,4%,0%
" 2,016 ", 마포구 , 457 , 321 , 190 , 131 , 120 , 15 , - ,42%,29%,26%,3%,0%
" 2,016 ", 양천구 , 288 , 187 , 76 , 112 , 82 , 19 , - ,26%,39%,28%,7%,0%
" 2,016 ", 강서구 , 425 , 291 , 111 , 180 , 112 , 22 , - ,26%,42%,26%,5%,0%
" 2,016 ", 구로구 , 318 , 177 , 64 , 113 , 107 , 34 , - ,20%,35%,34%,11%,0%
" 2,016 ", 금천구 , 240 , 170 , 105 , 65 , 1 , 69 , - ,44%,27%,0%,29%,0%
" 2,016 ", 영등포구 , 407 , 288 , 133 , 155 , 97 , 22 , - ,33%,38%,24%,5%,0%
" 2,016 ", 동작구 , 281 , 188 , 89 , 99 , 73 , 20 , - ,32%,35%,26%,7%,0%
" 2,016 ", 관악구 , 340 , 213 , 98 , 115 , 55 , 72 , - ,29%,34%,16%,21%,0%
" 2,016 ", 서초구 , 570 , 396 , 214 , 182 , 139 , 35 , - ,37%,32%,24%,6%,0%
" 2,016 ", 강남구 , 707 , 475 , 189 , 286 , 77 , 156 , - ,27%,40%,11%,22%,0%
" 2,016 ", 송파구 , 570 , 399 , 192 , 207 , 136 , 35 , - ,34%,36%,24%,6%,0%
" 2,016 ", 강동구 , 500 , 391 , 269 , 123 , 80 , 29 , - ,54%,24%,16%,6%,0%
" 2,017 ", 서울특별시 ," 9,217 "," 6,180 "," 3,309 "," 2,872 "," 2,238 ", 799 , - ,36%,31%,24%,9%,0%
" 2,017 ", 종로구 , 375 , 228 , 122 , 105 , 110 , 38 , - ,33%,28%,29%,10%,0%
" 2,017 ", 중구 , 446 , 225 , 118 , 107 , 183 , 38 , - ,26%,24%,41%,8%,0%
" 2,017 ", 용산구 , 263 , 166 , 91 , 75 , 79 , 17 , - ,35%,29%,30%,7%,0%
" 2,017 ", 성동구 , 256 , 168 , 82 , 86 , 63 , 25 , - ,32%,34%,25%,10%,0%
" 2,017 ", 광진구 , 319 , 239 , 140 , 99 , 62 , 18 , - ,44%,31%,19%,6%,0%
" 2,017 ", 동대문구 , 423 , 311 , 209 , 102 , 93 , 19 , - ,49%,24%,22%,4%,0%
" 2,017 ", 중랑구 , 361 , 264 , 173 , 91 , 82 , 16 , - ,48%,25%,23%,4%,0%
" 2,017 ", 성북구 , 346 , 238 , 143 , 95 , 91 , 16 , - ,41%,28%,26%,5%,0%
" 2,017 ", 강북구 , 225 , 154 , 75 , 79 , 65 , 7 , - ,33%,35%,29%,3%,0%
" 2,017 ", 도봉구 , 244 , 172 , 90 , 82 , 64 , 7 , - ,37%,34%,26%,3%,0%
" 2,017 ", 노원구 , 417 , 309 , 170 , 139 , 101 , 7 , - ,41%,33%,24%,2%,0%
" 2,017 ", 은평구 , 320 , 183 , 97 , 87 , 72 , 65 , - ,30%,27%,22%,20%,0%
" 2,017 ", 서대문구 , 298 , 180 , 103 , 77 , 83 , 35 , - ,35%,26%,28%,12%,0%
" 2,017 ", 마포구 , 438 , 305 , 196 , 109 , 109 , 23 , - ,45%,25%,25%,5%,0%
" 2,017 ", 양천구 , 295 , 194 , 86 , 108 , 80 , 21 , - ,29%,37%,27%,7%,0%
" 2,017 ", 강서구 , 464 , 329 , 161 , 169 , 106 , 28 , - ,35%,36%,23%,6%,0%
" 2,017 ", 구로구 , 311 , 175 , 72 , 102 , 108 , 29 , - ,23%,33%,35%,9%,0%
" 2,017 ", 금천구 , 242 , 170 , 110 , 60 , 1 , 71 , - ,46%,25%,0%,29%,0%
" 2,017 ", 영등포구 , 341 , 230 , 76 , 155 , 89 , 22 , - ,22%,45%,26%,6%,0%
" 2,017 ", 동작구 , 269 , 178 , 87 , 92 , 60 , 31 , - ,32%,34%,22%,11%,0%
" 2,017 ", 관악구 , 362 , 231 , 121 , 110 , 67 , 64 , - ,33%,30%,18%,18%,0%
" 2,017 ", 서초구 , 572 , 405 , 226 , 179 , 116 , 51 , - ,40%,31%,20%,9%,0%
" 2,017 ", 강남구 , 708 , 475 , 213 , 262 , 149 , 85 , - ,30%,37%,21%,12%,0%
" 2,017 ", 송파구 , 550 , 370 , 182 , 189 , 133 , 47 , - ,33%,34%,24%,9%,0%
" 2,017 ", 강동구 , 375 , 280 , 165 , 115 , 74 , 21 , - ,44%,31%,20%,6%,0%
" 2,018 ", 서울특별시 ," 9,493 "," 6,457 "," 3,641 "," 2,816 "," 2,168 ", 869 , - ,38%,30%,23%,9%,0%
" 2,018 ", 종로구 , 363 , 235 , 134 , 101 , 86 , 42 , - ,37%,28%,24%,12%,0%
" 2,018 ", 중구 , 430 , 242 , 127 , 115 , 147 , 41 , - ,29%,27%,34%,10%,0%
" 2,018 ", 용산구 , 288 , 193 , 119 , 74 , 75 , 21 , - ,41%,26%,26%,7%,0%
" 2,018 ", 성동구 , 270 , 179 , 95 , 84 , 63 , 28 , - ,35%,31%,23%,10%,0%
" 2,018 ", 광진구 , 343 , 263 , 168 , 95 , 58 , 22 , - ,49%,28%,17%,6%,0%
" 2,018 ", 동대문구 , 416 , 306 , 208 , 98 , 89 , 21 , - ,50%,23%,21%,5%,0%
" 2,018 ", 중랑구 , 392 , 282 , 193 , 89 , 84 , 26 , - ,49%,23%,21%,7%,0%
" 2,018 ", 성북구 , 349 , 250 , 156 , 94 , 85 , 13 , - ,45%,27%,24%,4%,0%
" 2,018 ", 강북구 , 231 , 155 , 80 , 76 , 69 , 6 , - ,34%,33%,30%,3%,0%
" 2,018 ", 도봉구 , 256 , 188 , 110 , 78 , 60 , 8 , - ,43%,31%,23%,3%,0%
" 2,018 ", 노원구 , 467 , 360 , 228 , 132 , 102 , 5 , - ,49%,28%,22%,1%,0%
" 2,018 ", 은평구 , 333 , 195 , 111 , 84 , 50 , 89 , - ,33%,25%,15%,27%,0%
" 2,018 ", 서대문구 , 285 , 176 , 103 , 73 , 81 , 28 , - ,36%,26%,29%,10%,0%
" 2,018 ", 마포구 , 440 , 294 , 203 , 91 , 103 , 43 , - ,46%,21%,23%,10%,0%
" 2,018 ", 양천구 , 298 , 200 , 95 , 105 , 84 , 14 , - ,32%,35%,28%,5%,0%
" 2,018 ", 강서구 , 480 , 336 , 173 , 163 , 116 , 28 , - ,36%,34%,24%,6%,0%
" 2,018 ", 구로구 , 319 , 173 , 76 , 97 , 120 , 27 , - ,24%,30%,37%,8%,0%
" 2,018 ", 금천구 , 249 , 175 , 116 , 59 , 1 , 72 , - ,47%,24%,1%,29%,0%
" 2,018 ", 영등포구 , 335 , 217 , 82 , 134 , 106 , 12 , - ,25%,40%,32%,4%,0%
" 2,018 ", 동작구 , 291 , 200 , 109 , 91 , 70 , 20 , - ,38%,31%,24%,7%,0%
" 2,018 ", 관악구 , 437 , 316 , 206 , 110 , 37 , 84 , - ,47%,25%,8%,19%,0%
" 2,018 ", 서초구 , 564 , 391 , 216 , 176 , 92 , 80 , - ,38%,31%,16%,14%,0%
" 2,018 ", 강남구 , 677 , 446 , 176 , 270 , 205 , 27 , - ,26%,40%,30%,4%,0%
" 2,018 ", 송파구 , 612 , 417 , 199 , 218 , 123 , 72 , - ,33%,36%,20%,12%,0%
" 2,018 ", 강동구 , 370 , 269 , 159 , 110 , 61 , 40 , - ,43%,30%,17%,11%,0%
" 2,019 ", 서울특별시 ," 9,847 "," 6,535 "," 3,729 "," 2,806 "," 2,246 ", 979 , 88 ,38%,28%,23%,10%,1%
" 2,019 ", 종로구 , 340 , 220 , 125 , 95 , 80 , 40 , 0 ,37%,28%,24%,12%,0%
" 2,019 ", 중구 , 414 , 224 , 137 , 88 , 134 , 56 , - ,33%,21%,32%,13%,0%
" 2,019 ", 용산구 , 305 , 199 , 128 , 71 , 69 , 31 , 6 ,42%,23%,23%,10%,2%
" 2,019 ", 성동구 , 303 , 211 , 137 , 75 , 63 , 27 , 2 ,45%,25%,21%,9%,1%
" 2,019 ", 광진구 , 334 , 253 , 159 , 95 , 59 , 21 , 0 ,48%,28%,18%,6%,0%
" 2,019 ", 동대문구 , 411 , 298 , 206 , 93 , 93 , 20 , 0 ,50%,23%,23%,5%,0%
" 2,019 ", 중랑구 , 331 , 223 , 186 , 37 , 89 , 18 , 0 ,56%,11%,27%,5%,0%
" 2,019 ", 성북구 , 371 , 276 , 181 , 95 , 86 , 9 , 1 ,49%,26%,23%,2%,0%
" 2,019 ", 강북구 , 251 , 175 , 102 , 74 , 69 , 7 , - ,40%,29%,27%,3%,0%
" 2,019 ", 도봉구 , 345 , 221 , 140 , 81 , 76 , 6 , 43 ,41%,23%,22%,2%,12%
" 2,019 ", 노원구 , 317 , 207 , 82 , 125 , 105 , 4 , 1 ,26%,39%,33%,1%,0%
" 2,019 ", 은평구 , 369 , 225 , 151 , 74 , 49 , 95 , 0 ,41%,20%,13%,26%,0%
" 2,019 ", 서대문구 , 240 , 147 , 77 , 70 , 64 , 29 , 1 ,32%,29%,27%,12%,0%
" 2,019 ", 마포구 , 478 , 286 , 163 , 123 , 147 , 44 , 0 ,34%,26%,31%,9%,0%
" 2,019 ", 양천구 , 341 , 222 , 104 , 118 , 101 , 18 , - ,31%,34%,30%,5%,0%
" 2,019 ", 강서구 , 599 , 446 , 286 , 160 , 116 , 36 , 2 ,48%,27%,19%,6%,0%
" 2,019 ", 구로구 , 327 , 171 , 74 , 97 , 125 , 31 , 0 ,23%,30%,38%,9%,0%
" 2,019 ", 금천구 , 287 , 198 , 136 , 63 , 0 , 89 , - ,47%,22%,0%,31%,0%
" 2,019 ", 영등포구 , 417 , 266 , 111 , 155 , 100 , 48 , 4 ,27%,37%,24%,11%,1%
" 2,019 ", 동작구 , 315 , 225 , 132 , 93 , 67 , 23 , - ,42%,29%,21%,7%,0%
" 2,019 ", 관악구 , 435 , 313 , 222 , 91 , 38 , 84 , 0 ,51%,21%,9%,19%,0%
" 2,019 ", 서초구 , 498 , 293 , 114 , 179 , 129 , 75 , 0 ,23%,36%,26%,15%,0%
" 2,019 ", 강남구 , 591 , 348 , 225 , 123 , 197 , 44 , 2 ,38%,21%,33%,7%,0%
" 2,019 ", 송파구 , 808 , 605 , 190 , 415 , 115 , 85 , 4 ,24%,51%,14%,10%,0%
" 2,019 ", 강동구 , 420 , 283 , 166 , 118 , 75 , 41 , 21 ,39%,28%,18%,10%,5%
" 2,020 ", 서울특별시 ," 9,673 "," 6,408 "," 3,869 "," 2,540 "," 2,289 ", 949 , 28 ,40%,26%,24%,10%,0%
" 2,020 ", 종로구 , 264 , 154 , 77 , 76 , 83 , 26 , 1 ,29%,29%,32%,10%,1%
" 2,020 ", 중구 , 358 , 198 , 118 , 80 , 128 , 31 , - ,33%,22%,36%,9%,0%
" 2,020 ", 용산구 , 301 , 197 , 134 , 64 , 78 , 26 , 0 ,44%,21%,26%,9%,0%
" 2,020 ", 성동구 , 301 , 202 , 124 , 78 , 62 , 27 , 10 ,41%,26%,21%,9%,3%
" 2,020 ", 광진구 , 343 , 239 , 152 , 87 , 83 , 21 , - ,44%,25%,24%,6%,0%
" 2,020 ", 동대문구 , 440 , 331 , 240 , 91 , 87 , 23 , - ,55%,21%,20%,5%,0%
" 2,020 ", 중랑구 , 338 , 227 , 140 , 87 , 93 , 19 , - ,41%,26%,27%,5%,0%
" 2,020 ", 성북구 , 362 , 246 , 159 , 87 , 101 , 14 , 0 ,44%,24%,28%,4%,0%
" 2,020 ", 강북구 , 243 , 146 , 77 , 69 , 89 , 8 , - ,32%,28%,37%,3%,0%
" 2,020 ", 도봉구 , 301 , 199 , 126 , 73 , 95 , 7 , 0 ,42%,24%,31%,2%,0%
" 2,020 ", 노원구 , 395 , 280 , 163 , 118 , 107 , 5 , 2 ,41%,30%,27%,1%,1%
" 2,020 ", 은평구 , 380 , 223 , 143 , 80 , 53 , 105 , 0 ,38%,21%,14%,27%,0%
" 2,020 ", 서대문구 , 285 , 176 , 112 , 63 , 79 , 31 , - ,39%,22%,28%,11%,0%
" 2,020 ", 마포구 , 366 , 218 , 134 , 85 , 114 , 34 , - ,37%,23%,31%,9%,0%
" 2,020 ", 양천구 , 394 , 286 , 197 , 89 , 90 , 18 , - ,50%,23%,23%,5%,0%
" 2,020 ", 강서구 , 527 , 366 , 222 , 144 , 104 , 56 , 1 ,42%,27%,20%,11%,0%
" 2,020 ", 구로구 , 330 , 173 , 91 , 82 , 109 , 48 , - ,27%,25%,33%,15%,0%
" 2,020 ", 금천구 , 275 , 189 , 134 , 55 , 16 , 68 , 2 ,49%,20%,6%,25%,1%
" 2,020 ", 영등포구 , 449 , 297 , 161 , 136 , 122 , 27 , 4 ,36%,30%,27%,6%,1%
" 2,020 ", 동작구 , 325 , 237 , 152 , 85 , 66 , 19 , 2 ,47%,26%,20%,6%,1%
" 2,020 ", 관악구 , 402 , 283 , 189 , 94 , 31 , 88 , - ,47%,23%,8%,22%,0%
" 2,020 ", 서초구 , 505 , 298 , 143 , 156 , 127 , 79 , - ,28%,31%,25%,16%,0%
" 2,020 ", 강남구 , 695 , 456 , 213 , 242 , 203 , 35 , 1 ,31%,35%,29%,5%,0%
" 2,020 ", 송파구 , 728 , 541 , 333 , 209 , 97 , 88 , 1 ,46%,29%,13%,12%,0%
" 2,020 ", 강동구 , 368 , 248 , 138 , 110 , 74 , 46 , 0 ,37%,30%,20%,12%,0%
" 2,021 ", 서울특별시 ," 10,853 "," 6,085 "," 3,628 "," 2,457 "," 2,275 "," 1,485 "," 1,009 ",33%,23%,21%,14%,9%
" 2,021 ", 종로구 , 230 , 124 , 55 , 69 , 83 , 21 , 1 ,24%,30%,36%,9%,1%
" 2,021 ", 중구 , 298 , 137 , 59 , 79 , 134 , 26 , 1 ,20%,26%,45%,9%,0%
" 2,021 ", 용산구 , 294 , 187 , 125 , 62 , 81 , 25 , 1 ,43%,21%,28%,9%,0%
" 2,021 ", 성동구 , 272 , 187 , 110 , 77 , 56 , 29 , 0 ,41%,28%,21%,10%,0%
" 2,021 ", 광진구 , 251 , 172 , 89 , 83 , 50 , 29 , - ,36%,33%,20%,11%,0%
" 2,021 ", 동대문구 , 320 , 207 , 114 , 93 , 87 , 26 , 0 ,36%,29%,27%,8%,0%
" 2,021 ", 중랑구 , 288 , 176 , 92 , 84 , 92 , 21 , 0 ,32%,29%,32%,7%,0%
" 2,021 ", 성북구 , 373 , 276 , 189 , 87 , 85 , 10 , 2 ,51%,23%,23%,3%,0%
" 2,021 ", 강북구 , 259 , 175 , 111 , 64 , 70 , 7 , 7 ,43%,25%,27%,3%,3%
" 2,021 ", 도봉구 , 252 , 147 , 74 , 72 , 97 , 9 , 0 ,30%,29%,38%,3%,0%
" 2,021 ", 노원구 , 372 , 262 , 146 , 116 , 100 , 11 , 0 ,39%,31%,27%,3%,0%
" 2,021 ", 은평구 , 379 , 229 , 151 , 78 , 39 , 111 , 0 ,40%,21%,10%,29%,0%
" 2,021 ", 서대문구 , 265 , 158 , 97 , 61 , 83 , 23 , 0 ,37%,23%,31%,9%,0%
" 2,021 ", 마포구 , 545 , 218 , 140 , 78 , 113 , 28 , 186 ,26%,14%,21%,5%,34%
" 2,021 ", 양천구 , 353 , 237 , 149 , 88 , 82 , 30 , 4 ,42%,25%,23%,8%,1%
" 2,021 ", 강서구 ," 2,060 ", 583 , 453 , 130 , 107 , 630 , 740 ,22%,6%,5%,31%,36%
" 2,021 ", 구로구 , 373 , 211 , 129 , 82 , 111 , 51 , 1 ,35%,22%,30%,14%,0%
" 2,021 ", 금천구 , 270 , 171 , 115 , 56 , 32 , 66 , 1 ,43%,21%,12%,24%,1%
" 2,021 ", 영등포구 , 442 , 307 , 176 , 132 , 89 , 39 , 6 ,40%,30%,20%,9%,1%
" 2,021 ", 동작구 , 297 , 197 , 117 , 81 , 69 , 31 , 1 ,39%,27%,23%,10%,0%
" 2,021 ", 관악구 , 400 , 241 , 149 , 92 , 111 , 49 , - ,37%,23%,28%,12%,0%
" 2,021 ", 서초구 , 485 , 298 , 151 , 147 , 135 , 50 , 2 ,31%,30%,28%,10%,0%
" 2,021 ", 강남구 , 680 , 443 , 211 , 232 , 200 , 36 , 0 ,31%,34%,29%,5%,0%
" 2,021 ", 송파구 , 694 , 475 , 275 , 200 , 112 , 86 , 21 ,40%,29%,16%,12%,3%
" 2,021 ", 강동구 , 402 , 268 , 152 , 116 , 57 , 44 , 33 ,38%,29%,14%,11%,8%
" 2,022 ", 서울특별시 ," 10,914 "," 6,836 "," 4,354 "," 2,483 "," 2,265 ", 899 , 914 ,40%,23%,21%,8%,8%
" 2,022 ", 종로구 , 286 , 170 , 92 , 78 , 97 , 18 , 1 ,32%,27%,34%,6%,0%
" 2,022 ", 중구 , 325 , 182 , 87 , 95 , 119 , 23 , 1 ,27%,29%,37%,7%,0%
" 2,022 ", 용산구 , 593 , 489 , 421 , 68 , 85 , 18 , 1 ,71%,12%,14%,3%,0%
" 2,022 ", 성동구 , 287 , 183 , 106 , 77 , 62 , 42 , 1 ,37%,27%,21%,14%,0%
" 2,022 ", 광진구 , 331 , 261 , 178 , 83 , 45 , 24 , 1 ,54%,25%,14%,7%,0%
" 2,022 ", 동대문구 , 296 , 187 , 102 , 85 , 82 , 26 , 1 ,34%,29%,28%,9%,0%
" 2,022 ", 중랑구 , 286 , 174 , 90 , 84 , 91 , 19 , 3 ,32%,29%,32%,7%,1%
" 2,022 ", 성북구 , 345 , 233 , 142 , 92 , 82 , 8 , 22 ,41%,27%,24%,2%,6%
" 2,022 ", 강북구 , 246 , 168 , 105 , 63 , 68 , 6 , 4 ,43%,26%,28%,2%,1%
" 2,022 ", 도봉구 , 258 , 192 , 121 , 72 , 55 , 7 , 4 ,47%,28%,21%,3%,2%
" 2,022 ", 노원구 , 399 , 293 , 177 , 116 , 97 , 10 , 0 ,44%,29%,24%,2%,0%
" 2,022 ", 은평구 , 353 , 199 , 123 , 76 , 46 , 107 , 2 ,35%,21%,13%,30%,1%
" 2,022 ", 서대문구 , 295 , 184 , 123 , 61 , 80 , 23 , 8 ,42%,21%,27%,8%,3%
" 2,022 ", 마포구 , 418 , 242 , 160 , 81 , 116 , 27 , 33 ,38%,19%,28%,7%,8%
" 2,022 ", 양천구 , 339 , 221 , 131 , 90 , 93 , 17 , 8 ,39%,26%,27%,5%,2%
" 2,022 ", 강서구 ," 1,605 ", 751 , 625 , 127 , 126 , 61 , 667 ,39%,8%,8%,4%,42%
" 2,022 ", 구로구 , 367 , 220 , 141 , 79 , 104 , 44 , 1 ,38%,21%,28%,12%,0%
" 2,022 ", 금천구 , 274 , 179 , 124 , 55 , 31 , 63 , 1 ,45%,20%,11%,23%,0%
" 2,022 ", 영등포구 , 458 , 310 , 178 , 132 , 109 , 36 , 4 ,39%,29%,24%,8%,1%
" 2,022 ", 동작구 , 323 , 211 , 130 , 81 , 73 , 37 , 2 ,40%,25%,23%,12%,0%
" 2,022 ", 관악구 , 443 , 300 , 208 , 92 , 88 , 55 , - ,47%,21%,20%,12%,0%
" 2,022 ", 서초구 , 494 , 310 , 166 , 143 , 131 , 48 , 5 ,34%,29%,27%,10%,1%
" 2,022 ", 강남구 , 721 , 447 , 201 , 247 , 222 , 45 , 7 ,28%,34%,31%,6%,1%
" 2,022 ", 송파구 , 827 , 485 , 289 , 197 , 109 , 92 , 141 ,35%,24%,13%,11%,17%
" 2,022 ", 강동구 , 346 , 247 , 136 , 111 , 54 , 45 , 0 ,39%,32%,16%,13%,0%
